name,label
mamba/00000081.jpeg,mamba
mamba/00000104.png,mamba
mamba/00000067.jpg,mamba
mamba/00000125.jpg,mamba
mamba/00000184.jpg,mamba
mamba/00000082.JPG,mamba
mamba/00000106.jpg,mamba
mamba/00000175.jpg,mamba
mamba/00000112.jpg,mamba
mamba/00000089.jpg,mamba
mamba/00000027.jpg,mamba
mamba/00000168.jpg,mamba
mamba/00000134.jpg,mamba
mamba/00000149.jpg,mamba
mamba/00000169.jpg,mamba
mamba/00000003.jpg,mamba
mamba/00000102.jpg,mamba
mamba/00000063.jpg,mamba
mamba/00000009.jpg,mamba
mamba/00000023.jpg,mamba
mamba/00000061.jpg,mamba
mamba/00000072.jpg,mamba
mamba/00000007.jpg,mamba
mamba/00000189.png,mamba
mamba/00000050.jpg,mamba
mamba/00000052.jpg,mamba
mamba/00000010.jpg,mamba
mamba/00000118.jpg,mamba
mamba/00000143.jpg,mamba
mamba/00000157.jpg,mamba
mamba/00000043.jpg,mamba
mamba/00000036.jpg,mamba
mamba/00000044.jpg,mamba
mamba/00000126.jpg,mamba
mamba/00000183.jpg,mamba
mamba/00000091.jpg,mamba
mamba/00000095.jpg,mamba
mamba/00000129.jpg,mamba
mamba/00000150.jpg,mamba
mamba/00000164.jpg,mamba
mamba/00000192.jpg,mamba
mamba/00000160.jpg,mamba
mamba/00000177.png,mamba
mamba/00000048.jpg,mamba
mamba/00000053.jpg,mamba
mamba/00000165.jpg,mamba
mamba/00000031.jpg,mamba
mamba/00000103.jpg,mamba
mamba/00000088.jpg,mamba
mamba/00000065.jpg,mamba
mamba/00000155.jpg,mamba
mamba/00000086.jpg,mamba
mamba/00000186.jpg,mamba
mamba/00000045.jpg,mamba
mamba/00000042.jpg,mamba
mamba/00000039.jpg,mamba
mamba/00000070.jpg,mamba
mamba/00000005.jpg,mamba
mamba/00000137.jpg,mamba
mamba/00000152.jpg,mamba
mamba/00000078.jpg,mamba
mamba/00000035.jpg,mamba
mamba/00000119.jpg,mamba
mamba/00000060.jpg,mamba
mamba/00000033.jpg,mamba
mamba/00000029.jpg,mamba
mamba/00000038.jpg,mamba
mamba/00000058.jpg,mamba
mamba/00000105.jpg,mamba
mamba/00000054.jpg,mamba
mamba/00000049.jpg,mamba
mamba/00000122.jpg,mamba
mamba/00000167.jpg,mamba
mamba/00000132.jpg,kingcobra
mamba/00000001.jpeg,mamba
mamba/00000173.jpg,mamba
mamba/00000034.jpg,mamba
mamba/00000146.jpg,mamba
mamba/00000154.jpg,mamba
mamba/00000110.png,mamba
mamba/00000131.jpg,mamba
mamba/00000047.jpg,mamba
mamba/00000021.jpg,mamba
mamba/00000032.jpg,mamba
mamba/00000073.jpg,mamba
mamba/00000182.jpg,mamba
mamba/00000051.jpg,mamba
mamba/00000135.jpg,mamba
mamba/00000193.jpg,mamba
mamba/00000140.jpg,mamba
mamba/00000041.jpg,mamba
mamba/00000195.jpg,mamba
mamba/00000064.jpg,mamba
mamba/00000181.jpg,mamba
mamba/00000185.JPG,mamba
mamba/00000057.jpg,mamba
mamba/00000100.jpg,mamba
mamba/00000170.jpg,mamba
mamba/00000158.jpg,mamba
mamba/00000123.jpg,mamba
mamba/00000101.jpg,mamba
mamba/00000099.jpg,mamba
mamba/00000133.jpg,mamba
mamba/00000077.jpg,mamba
mamba/00000139.png,mamba
mamba/00000136.jpg,mamba
mamba/00000161.jpg,mamba
mamba/00000124.jpg,mamba
mamba/00000022.jpg,mamba
mamba/00000174.jpg,mamba
mamba/00000087.png,mamba
mamba/00000111.jpg,mamba
mamba/00000094.jpg,mamba
mamba/00000024.jpg,mamba
mamba/00000071.jpg,mamba
mamba/00000159.jpg,mamba
mamba/00000040.jpg,mamba
mamba/00000092.jpg,mamba
mamba/00000116.jpg,mamba
mamba/00000080.jpg,mamba
mamba/00000147.jpg,mamba
mamba/00000176.jpg,mamba
mamba/00000128.jpg,mamba
mamba/00000130.jpg,mamba
mamba/00000006.jpg,mamba
mamba/00000062.jpg,mamba
mamba/00000018.jpg,mamba
mamba/00000120.jpg,mamba
mamba/00000012.jpg,mamba
mamba/00000055.jpg,mamba
mamba/00000138.jpg,mamba
mamba/00000141.jpg,mamba
mamba/00000115.jpg,mamba
mamba/00000151.jpg,mamba
mamba/00000090.jpg,mamba
mamba/00000098.jpg,mamba
mamba/00000037.jpg,mamba
mamba/00000109.jpg,mamba
mamba/00000000.jpg,mamba
mamba/00000083.jpg,mamba
mamba/00000030.jpg,mamba
mamba/00000194.jpg,mamba
mamba/00000066.jpg,mamba
mamba/00000191.jpg,mamba
mamba/00000196.jpg,mamba
mamba/00000190.jpg,mamba
mamba/00000074.png,mamba
mamba/00000084.jpg,mamba
mamba/00000025.jpeg,mamba
mamba/00000096.gif,mamba
mamba/00000017.jpg,mamba
gartersnake/00000067.jpg,gartersnake
gartersnake/00000125.jpg,gartersnake
gartersnake/00000157.JPG,gartersnake
gartersnake/00000175.jpg,gartersnake
gartersnake/00000178.jpg,gartersnake
gartersnake/00000089.jpg,gartersnake
gartersnake/00000027.jpg,gartersnake
gartersnake/00000168.jpg,gartersnake
gartersnake/00000134.JPG,gartersnake
gartersnake/00000107.jpg,gartersnake
gartersnake/00000149.jpg,gartersnake
gartersnake/00000169.jpg,gartersnake
gartersnake/00000006.jpeg,gartersnake
gartersnake/00000117.jpg,gartersnake
gartersnake/00000061.jpg,gartersnake
gartersnake/00000072.jpg,gartersnake
gartersnake/00000007.jpg,gartersnake
gartersnake/00000050.jpg,gartersnake
gartersnake/00000052.jpg,gartersnake
gartersnake/00000166.jpg,gartersnake
gartersnake/00000011.jpg,gartersnake
gartersnake/00000143.jpg,gartersnake
gartersnake/00000043.jpg,gartersnake
gartersnake/00000036.jpg,gartersnake
gartersnake/00000096.JPG,gartersnake
gartersnake/00000044.jpg,gartersnake
gartersnake/00000126.jpg,gartersnake
gartersnake/00000183.jpg,gartersnake
gartersnake/00000091.jpg,gartersnake
gartersnake/00000189.jpg,gartersnake
gartersnake/00000129.jpg,gartersnake
gartersnake/00000192.jpg,gartersnake
gartersnake/00000068.jpg,gartersnake
gartersnake/00000160.jpg,gartersnake
gartersnake/00000167.jpeg,gartersnake
gartersnake/00000108.jpg,gartersnake
gartersnake/00000003.png,gartersnake
gartersnake/00000199.jpg,gartersnake
gartersnake/00000093.png,gartersnake
gartersnake/00000053.jpg,gartersnake
gartersnake/00000001.jpg,gartersnake
gartersnake/00000020.jpg,gartersnake
gartersnake/00000103.jpg,gartersnake
gartersnake/00000163.jpg,gartersnake
gartersnake/00000026.jpg,gartersnake
gartersnake/00000065.jpg,gartersnake
gartersnake/00000155.jpg,gartersnake
gartersnake/00000082.jpg,gartersnake
gartersnake/00000142.jpg,gartersnake
gartersnake/00000086.jpg,gartersnake
gartersnake/00000186.jpg,gartersnake
gartersnake/00000078.JPG,gartersnake
gartersnake/00000121.jpg,gartersnake
gartersnake/00000045.jpg,gartersnake
gartersnake/00000042.jpg,gartersnake
gartersnake/00000070.jpg,gartersnake
gartersnake/00000076.jpg,gartersnake
gartersnake/00000172.jpg,gartersnake
gartersnake/00000005.jpg,gartersnake
gartersnake/00000187.jpg,gartersnake
gartersnake/00000137.jpg,gartersnake
gartersnake/00000152.jpg,gartersnake
gartersnake/00000035.jpg,gartersnake
gartersnake/00000016.jpg,gartersnake
gartersnake/00000060.jpg,gartersnake
gartersnake/00000110.jpg,gartersnake
gartersnake/00000046.png,gartersnake
gartersnake/00000127.jpg,gartersnake
gartersnake/00000029.jpg,gartersnake
gartersnake/00000038.jpg,gartersnake
gartersnake/00000095.png,gartersnake
gartersnake/00000058.jpg,gartersnake
gartersnake/00000105.jpg,gartersnake
gartersnake/00000049.jpg,gartersnake
gartersnake/00000122.jpg,gartersnake
gartersnake/00000196.png,gartersnake
gartersnake/00000002.jpg,gartersnake
gartersnake/00000177.jpg,gartersnake
gartersnake/00000034.jpg,gartersnake
gartersnake/00000154.jpg,gartersnake
gartersnake/00000059.jpg,gartersnake
gartersnake/00000131.jpg,gartersnake
gartersnake/00000021.jpg,gartersnake
gartersnake/00000004.jpg,gartersnake
gartersnake/00000182.jpg,gartersnake
gartersnake/00000051.jpg,gartersnake
gartersnake/00000140.jpg,gartersnake
gartersnake/00000195.jpg,gartersnake
gartersnake/00000064.jpg,gartersnake
gartersnake/00000087.jpg,gartersnake
gartersnake/00000181.jpg,gartersnake
gartersnake/00000057.jpg,gartersnake
gartersnake/00000100.jpg,gartersnake
gartersnake/00000170.jpg,gartersnake
gartersnake/00000101.jpg,gartersnake
gartersnake/00000099.jpg,gartersnake
gartersnake/00000133.jpg,gartersnake
gartersnake/00000077.jpg,gartersnake
gartersnake/00000145.jpg,gartersnake
gartersnake/00000013.png,gartersnake
gartersnake/00000069.jpg,gartersnake
gartersnake/00000144.jpg,gartersnake
gartersnake/00000015.jpg,gartersnake
gartersnake/00000148.jpg,gartersnake
gartersnake/00000022.jpg,gartersnake
gartersnake/00000094.jpg,gartersnake
gartersnake/00000024.jpg,gartersnake
gartersnake/00000071.jpg,gartersnake
gartersnake/00000080.jpg,gartersnake
gartersnake/00000147.jpg,gartersnake
gartersnake/00000028.png,gartersnake
gartersnake/00000062.jpg,gartersnake
gartersnake/00000074.jpg,gartersnake
gartersnake/00000018.jpg,gartersnake
gartersnake/00000120.jpg,gartersnake
gartersnake/00000012.jpg,gartersnake
gartersnake/00000055.jpg,gartersnake
gartersnake/00000138.jpg,gartersnake
gartersnake/00000104.jpg,gartersnake
gartersnake/00000139.jpg,gartersnake
gartersnake/00000162.jpg,gartersnake
gartersnake/00000141.jpg,gartersnake
gartersnake/00000115.jpg,gartersnake
gartersnake/00000151.jpg,gartersnake
gartersnake/00000090.jpg,gartersnake
gartersnake/00000098.jpg,gartersnake
gartersnake/00000056.jpg,gartersnake
gartersnake/00000114.jpg,gartersnake
gartersnake/00000000.jpg,gartersnake
gartersnake/00000188.jpg,gartersnake
gartersnake/00000083.jpg,gartersnake
gartersnake/00000194.jpg,gartersnake
gartersnake/00000191.jpg,gartersnake
gartersnake/00000197.jpg,gartersnake
gartersnake/00000190.jpg,gartersnake
gartersnake/00000185.jpg,gartersnake
gartersnake/00000017.jpg,gartersnake
kingcobra/00000067.jpg,kingcobra
kingcobra/00000046.jpg,kingcobra
kingcobra/00000125.jpg,kingcobra
kingcobra/00000106.jpg,kingcobra
kingcobra/00000175.jpg,kingcobra
kingcobra/00000178.jpg,kingcobra
kingcobra/00000112.jpg,kingcobra
kingcobra/00000038.png,kingcobra
kingcobra/00000027.jpg,kingcobra
kingcobra/00000059.png,kingcobra
kingcobra/00000168.jpg,kingcobra
kingcobra/00000158.png,kingcobra
kingcobra/00000107.jpg,kingcobra
kingcobra/00000149.jpg,kingcobra
kingcobra/00000003.jpg,kingcobra
kingcobra/00000102.jpg,kingcobra
kingcobra/00000033.png,kingcobra
kingcobra/00000009.jpg,kingcobra
kingcobra/00000023.jpg,kingcobra
kingcobra/00000153.jpg,kingcobra
kingcobra/00000117.jpg,kingcobra
kingcobra/00000018.png,kingcobra
kingcobra/00000061.jpg,kingcobra
kingcobra/00000072.jpg,kingcobra
kingcobra/00000007.jpg,kingcobra
kingcobra/00000050.jpg,kingcobra
kingcobra/00000166.jpg,kingcobra
kingcobra/00000019.jpg,kingcobra
kingcobra/00000011.jpg,kingcobra
kingcobra/00000010.jpg,kingcobra
kingcobra/00000118.jpg,kingcobra
kingcobra/00000143.jpg,kingcobra
kingcobra/00000043.jpg,kingcobra
kingcobra/00000036.jpg,kingcobra
kingcobra/00000044.jpg,kingcobra
kingcobra/00000180.jpg,kingcobra
kingcobra/00000090.png,kingcobra
kingcobra/00000183.jpg,kingcobra
kingcobra/00000091.jpg,kingcobra
kingcobra/00000189.jpg,kingcobra
kingcobra/00000129.jpg,kingcobra
kingcobra/00000150.jpg,kingcobra
kingcobra/00000164.jpg,kingcobra
kingcobra/00000192.jpg,kingcobra
kingcobra/00000068.jpg,kingcobra
kingcobra/00000197.png,kingcobra
kingcobra/00000108.jpg,kingcobra
kingcobra/00000199.jpg,kingcobra
kingcobra/00000053.jpg,kingcobra
kingcobra/00000113.jpg,kingcobra
kingcobra/00000165.jpg,kingcobra
kingcobra/00000008.jpg,kingcobra
kingcobra/00000020.jpg,kingcobra
kingcobra/00000103.jpg,kingcobra
kingcobra/00000163.jpg,kingcobra
kingcobra/00000026.jpg,kingcobra
kingcobra/00000155.jpg,kingcobra
kingcobra/00000082.jpg,kingcobra
kingcobra/00000198.jpeg,kingcobra
kingcobra/00000142.jpg,kingcobra
kingcobra/00000086.jpg,kingcobra
kingcobra/00000121.jpg,kingcobra
kingcobra/00000045.jpg,kingcobra
kingcobra/00000042.jpg,kingcobra
kingcobra/00000039.jpg,kingcobra
kingcobra/00000076.jpg,kingcobra
kingcobra/00000187.jpg,kingcobra
kingcobra/00000137.jpg,kingcobra
kingcobra/00000152.jpg,kingcobra
kingcobra/00000078.jpg,kingcobra
kingcobra/00000179.jpg,kingcobra
kingcobra/00000016.jpg,kingcobra
kingcobra/00000060.jpg,kingcobra
kingcobra/00000156.jpg,kingcobra
kingcobra/00000127.jpg,kingcobra
kingcobra/00000014.jpg,kingcobra
kingcobra/00000029.jpg,kingcobra
kingcobra/00000105.jpg,kingcobra
kingcobra/00000122.jpg,kingcobra
kingcobra/00000167.jpg,kingcobra
kingcobra/00000002.jpg,kingcobra
kingcobra/00000177.jpg,kingcobra
kingcobra/00000075.jpg,kingcobra
kingcobra/00000173.jpg,kingcobra
kingcobra/00000034.jpg,kingcobra
kingcobra/00000146.jpg,kingcobra
kingcobra/00000154.jpg,kingcobra
kingcobra/00000131.jpg,kingcobra
kingcobra/00000093.jpg,kingcobra
kingcobra/00000047.jpg,kingcobra
kingcobra/00000004.jpg,kingcobra
kingcobra/00000051.jpg,kingcobra
kingcobra/00000135.jpg,kingcobra
kingcobra/00000193.jpg,kingcobra
kingcobra/00000140.jpg,kingcobra
kingcobra/00000195.jpg,kingcobra
kingcobra/00000064.jpg,kingcobra
kingcobra/00000087.JPG,kingcobra
kingcobra/00000057.jpg,kingcobra
kingcobra/00000114.gif,kingcobra
kingcobra/00000171.jpg,kingcobra
kingcobra/00000025.jpg,kingcobra
kingcobra/00000123.jpg,kingcobra
kingcobra/00000099.jpg,kingcobra
kingcobra/00000133.jpg,kingcobra
kingcobra/00000077.jpg,kingcobra
kingcobra/00000136.jpg,kingcobra
kingcobra/00000069.jpg,kingcobra
kingcobra/00000015.jpg,kingcobra
kingcobra/00000148.jpg,kingcobra
kingcobra/00000124.jpg,kingcobra
kingcobra/00000022.jpg,kingcobra
kingcobra/00000174.jpg,kingcobra
kingcobra/00000111.jpg,kingcobra
kingcobra/00000094.jpg,kingcobra
kingcobra/00000024.jpg,kingcobra
kingcobra/00000071.jpg,kingcobra
kingcobra/00000159.jpg,kingcobra
kingcobra/00000040.jpg,kingcobra
kingcobra/00000092.jpg,kingcobra
kingcobra/00000116.jpg,kingcobra
kingcobra/00000147.jpg,kingcobra
kingcobra/00000085.jpg,kingcobra
kingcobra/00000176.jpg,kingcobra
kingcobra/00000079.jpg,kingcobra
kingcobra/00000130.jpg,kingcobra
kingcobra/00000074.jpg,kingcobra
kingcobra/00000120.jpg,kingcobra
kingcobra/00000081.jpg,kingcobra
kingcobra/00000104.jpg,kingcobra
kingcobra/00000162.jpg,kingcobra
kingcobra/00000151.jpg,kingcobra
kingcobra/00000110.gif,kingcobra
kingcobra/00000070.png,kingcobra
kingcobra/00000056.jpg,kingcobra
kingcobra/00000037.jpg,kingcobra
kingcobra/00000000.jpg,kingcobra
kingcobra/00000188.jpg,kingcobra
kingcobra/00000083.jpg,kingcobra
kingcobra/00000030.jpg,kingcobra
kingcobra/00000096.jpg,kingcobra
kingcobra/00000194.jpg,kingcobra
kingcobra/00000066.jpg,kingcobra
kingcobra/00000196.jpg,kingcobra
kingcobra/00000190.jpg,kingcobra
kingcobra/00000084.jpg,kingcobra
kingcobra/00000185.jpg,kingcobra
kingcobra/00000017.jpg,kingcobra
boa/00000067.jpg,boa
boa/00000046.jpg,boa
boa/00000184.jpg,boa
boa/00000020.png,boa
boa/00000112.jpg,boa
boa/00000089.jpg,boa
boa/00000027.jpg,boa
boa/00000008.jpeg,boa
boa/00000107.jpg,boa
boa/00000003.jpeg,boa
boa/00000149.jpg,boa
boa/00000169.jpg,boa
boa/00000102.jpg,boa
boa/00000063.jpg,boa
boa/00000009.jpg,boa
boa/00000153.jpg,boa
boa/00000117.jpg,boa
boa/00000007.jpg,boa
boa/00000050.jpg,boa
boa/00000052.jpg,boa
boa/00000166.jpg,boa
boa/00000010.jpg,boa
boa/00000118.jpg,boa
boa/00000143.jpg,boa
boa/00000157.jpg,boa
boa/00000036.jpg,boa
boa/00000180.jpg,boa
boa/00000126.jpg,boa
boa/00000183.jpg,boa
boa/00000189.jpg,boa
boa/00000129.jpg,boa
boa/00000150.jpg,boa
boa/00000192.jpg,boa
boa/00000108.jpg,boa
boa/00000028.JPG,boa
boa/00000048.jpg,boa
boa/00000199.jpg,boa
boa/00000053.jpg,boa
boa/00000001.jpg,boa
boa/00000113.jpg,boa
boa/00000170.png,boa
boa/00000165.jpg,boa
boa/00000031.jpg,boa
boa/00000103.jpg,boa
boa/00000163.jpg,boa
boa/00000026.jpg,boa
boa/00000082.jpg,boa
boa/00000013.jpg,boa
boa/00000086.jpg,boa
boa/00000121.jpg,boa
boa/00000045.jpg,boa
boa/00000042.jpg,boa
boa/00000039.jpg,boa
boa/00000070.jpg,boa
boa/00000187.jpg,boa
boa/00000137.jpg,boa
boa/00000152.jpg,boa
boa/00000078.jpg,boa
boa/00000035.jpg,boa
boa/00000016.jpg,boa
boa/00000060.jpg,boa
boa/00000110.jpg,boa
boa/00000033.jpg,boa
boa/00000127.jpg,boa
boa/00000014.jpg,boa
boa/00000029.jpg,boa
boa/00000058.jpg,boa
boa/00000105.jpg,boa
boa/00000054.jpg,boa
boa/00000049.jpg,boa
boa/00000122.jpg,boa
boa/00000097.jpg,boa
boa/00000167.jpg,boa
boa/00000132.jpg,boa
boa/00000002.jpg,boa
boa/00000177.jpg,boa
boa/00000075.jpg,boa
boa/00000173.jpg,boa
boa/00000034.jpg,boa
boa/00000146.jpg,boa
boa/00000154.jpg,boa
boa/00000059.jpg,boa
boa/00000093.jpg,boa
boa/00000047.jpg,boa
boa/00000021.jpg,boa
boa/00000032.jpg,boa
boa/00000004.jpg,boa
boa/00000051.jpg,boa
boa/00000193.jpg,boa
boa/00000140.jpg,boa
boa/00000041.jpg,boa
boa/00000195.jpg,boa
boa/00000087.jpg,boa
boa/00000181.jpg,boa
boa/00000057.jpg,boa
boa/00000171.jpg,boa
boa/00000025.jpg,boa
boa/00000101.jpg,boa
boa/00000099.jpg,boa
boa/00000133.jpg,boa
boa/00000077.jpg,boa
boa/00000145.jpg,boa
boa/00000136.jpg,boa
boa/00000069.jpg,boa
boa/00000144.jpg,boa
boa/00000091.png,boa
boa/00000148.jpg,boa
boa/00000022.jpg,boa
boa/00000174.jpg,boa
boa/00000111.jpg,boa
boa/00000024.jpg,boa
boa/00000071.jpg,boa
boa/00000040.jpg,boa
boa/00000092.jpg,boa
boa/00000080.jpg,boa
boa/00000085.jpg,boa
boa/00000176.jpg,boa
boa/00000079.jpg,boa
boa/00000128.jpg,boa
boa/00000130.jpg,boa
boa/00000006.jpg,boa
boa/00000062.jpg,boa
boa/00000074.jpg,boa
boa/00000018.jpg,boa
boa/00000120.jpg,boa
boa/00000138.jpg,boa
boa/00000139.jpg,boa
boa/00000162.jpg,boa
boa/00000124.jpeg,boa
boa/00000141.jpg,boa
boa/00000115.jpg,boa
boa/00000081.png,boa
boa/00000098.jpg,boa
boa/00000056.jpg,boa
boa/00000037.jpg,boa
boa/00000109.jpg,boa
boa/00000000.jpg,boa
boa/00000188.jpg,boa
boa/00000030.jpg,boa
boa/00000096.jpg,boa
boa/00000194.jpg,boa
boa/00000066.jpg,boa
boa/00000196.jpg,boa
boa/00000190.jpg,boa
boa/00000084.jpg,boa
boa/00000185.jpg,boa
boa/00000017.jpg,boa
coral/00000067.jpg,coral
coral/00000046.jpg,coral
coral/00000175.jpg,coral
coral/00000112.jpg,coral
coral/00000089.jpg,coral
coral/00000027.jpg,coral
coral/00000168.jpg,coral
coral/00000134.jpg,coral
coral/00000085.png,coral
coral/00000107.jpg,coral
coral/00000149.jpg,coral
coral/00000003.jpg,coral
coral/00000063.jpg,coral
coral/00000009.jpg,coral
coral/00000117.jpg,coral
coral/00000061.jpg,coral
coral/00000007.jpg,coral
coral/00000050.jpg,coral
coral/00000166.jpg,coral
coral/00000019.jpg,coral
coral/00000011.jpg,coral
coral/00000010.jpg,coral
coral/00000118.jpg,coral
coral/00000043.jpg,coral
coral/00000044.jpg,coral
coral/00000090.png,coral
coral/00000095.jpg,coral
coral/00000129.jpg,coral
coral/00000164.jpg,coral
coral/00000160.jpg,coral
coral/00000048.jpg,coral
coral/00000053.jpg,coral
coral/00000001.jpg,coral
coral/00000113.jpg,coral
coral/00000165.jpg,coral
coral/00000020.jpg,coral
coral/00000103.jpg,coral
coral/00000163.jpg,coral
coral/00000026.jpg,coral
coral/00000155.jpg,coral
coral/00000082.jpg,coral
coral/00000013.jpg,coral
coral/00000142.jpg,coral
coral/00000086.jpg,coral
coral/00000121.jpg,coral
coral/00000045.jpg,coral
coral/00000042.jpg,coral
coral/00000039.jpg,coral
coral/00000108.png,coral
coral/00000070.jpg,coral
coral/00000172.jpg,coral
coral/00000035.jpg,coral
coral/00000179.jpg,coral
coral/00000016.jpg,coral
coral/00000119.jpg,coral
coral/00000060.jpg,coral
coral/00000110.jpg,coral
coral/00000033.jpg,coral
coral/00000127.jpg,coral
coral/00000014.jpg,coral
coral/00000029.jpg,coral
coral/00000058.jpg,coral
coral/00000105.jpg,coral
coral/00000054.jpg,coral
coral/00000049.jpg,coral
coral/00000122.jpg,coral
coral/00000167.jpg,coral
coral/00000002.jpg,coral
coral/00000177.jpg,coral
coral/00000173.jpg,coral
coral/00000146.jpg,coral
coral/00000031.png,coral
coral/00000154.jpg,coral
coral/00000125.JPG,coral
coral/00000093.jpg,coral
coral/00000032.jpg,coral
coral/00000004.jpg,coral
coral/00000073.jpg,coral
coral/00000051.jpg,coral
coral/00000135.jpg,coral
coral/00000041.jpg,coral
coral/00000047.png,coral
coral/00000064.jpg,coral
coral/00000087.jpg,coral
coral/00000057.jpg,coral
coral/00000100.jpg,coral
coral/00000171.jpg,coral
coral/00000101.jpg,coral
coral/00000099.jpg,coral
coral/00000133.jpg,coral
coral/00000077.jpg,coral
coral/00000145.jpg,coral
coral/00000037.png,coral
coral/00000076.jpeg,coral
coral/00000069.jpg,coral
coral/00000015.jpg,coral
coral/00000161.jpg,coral
coral/00000148.jpg,coral
coral/00000124.jpg,coral
coral/00000111.jpg,coral
coral/00000094.jpg,coral
coral/00000024.jpg,coral
coral/00000071.jpg,coral
coral/00000159.jpg,coral
coral/00000092.jpg,coral
coral/00000080.jpg,coral
coral/00000147.jpg,coral
coral/00000123.png,coral
coral/00000176.jpg,coral
coral/00000079.jpg,coral
coral/00000128.jpg,coral
coral/00000126.JPG,coral
coral/00000006.jpg,coral
coral/00000074.jpg,coral
coral/00000018.jpg,coral
coral/00000012.jpg,coral
coral/00000055.jpg,coral
coral/00000081.jpg,coral
coral/00000138.jpg,coral
coral/00000104.jpg,coral
coral/00000139.jpg,coral
coral/00000162.jpg,coral
coral/00000140.jpeg,coral
coral/00000115.jpg,coral
coral/00000098.jpg,coral
coral/00000056.jpg,coral
coral/00000114.jpg,coral
coral/00000109.jpg,coral
coral/00000000.jpg,coral
coral/00000028.jpg,coral
coral/00000083.jpg,coral
coral/00000030.jpg,coral
coral/00000096.jpg,coral
coral/00000084.jpg,coral
coral/00000017.jpg,coral
kingsnake/00000067.jpg,kingsnake
kingsnake/00000125.jpg,kingsnake
kingsnake/00000184.jpg,kingsnake
kingsnake/00000175.jpg,kingsnake
kingsnake/00000178.jpg,kingsnake
kingsnake/00000112.jpg,kingsnake
kingsnake/00000198.jpg,kingsnake
kingsnake/00000027.jpg,kingsnake
kingsnake/00000168.jpg,kingsnake
kingsnake/00000107.jpg,kingsnake
kingsnake/00000149.jpg,kingsnake
kingsnake/00000169.jpg,kingsnake
kingsnake/00000003.jpg,kingsnake
kingsnake/00000172.png,kingsnake
kingsnake/00000063.jpg,kingsnake
kingsnake/00000023.jpg,kingsnake
kingsnake/00000153.jpg,kingsnake
kingsnake/00000117.jpg,kingsnake
kingsnake/00000072.jpg,kingsnake
kingsnake/00000007.jpg,kingsnake
kingsnake/00000050.jpg,kingsnake
kingsnake/00000052.jpg,kingsnake
kingsnake/00000011.jpg,kingsnake
kingsnake/00000118.jpg,kingsnake
kingsnake/00000143.jpg,kingsnake
kingsnake/00000157.jpg,kingsnake
kingsnake/00000043.jpg,kingsnake
kingsnake/00000036.jpg,kingsnake
kingsnake/00000044.jpg,kingsnake
kingsnake/00000180.jpg,kingsnake
kingsnake/00000126.jpg,kingsnake
kingsnake/00000183.jpg,kingsnake
kingsnake/00000095.jpg,kingsnake
kingsnake/00000166.JPG,kingsnake
kingsnake/00000189.jpg,kingsnake
kingsnake/00000129.jpg,kingsnake
kingsnake/00000150.jpg,kingsnake
kingsnake/00000164.jpg,kingsnake
kingsnake/00000192.jpg,kingsnake
kingsnake/00000160.jpg,kingsnake
kingsnake/00000000.JPG,kingsnake
kingsnake/00000199.jpg,kingsnake
kingsnake/00000113.jpg,kingsnake
kingsnake/00000008.jpg,kingsnake
kingsnake/00000020.jpg,kingsnake
kingsnake/00000031.jpg,kingsnake
kingsnake/00000088.jpg,kingsnake
kingsnake/00000026.jpg,kingsnake
kingsnake/00000065.jpg,kingsnake
kingsnake/00000155.jpg,kingsnake
kingsnake/00000082.jpg,kingsnake
kingsnake/00000013.jpg,kingsnake
kingsnake/00000086.jpg,kingsnake
kingsnake/00000121.jpg,kingsnake
kingsnake/00000045.jpg,kingsnake
kingsnake/00000039.jpg,kingsnake
kingsnake/00000070.jpg,kingsnake
kingsnake/00000076.jpg,kingsnake
kingsnake/00000005.jpg,kingsnake
kingsnake/00000187.jpg,kingsnake
kingsnake/00000137.jpg,kingsnake
kingsnake/00000078.jpg,kingsnake
kingsnake/00000179.jpg,kingsnake
kingsnake/00000016.jpg,kingsnake
kingsnake/00000119.jpg,kingsnake
kingsnake/00000060.jpg,kingsnake
kingsnake/00000110.jpg,kingsnake
kingsnake/00000156.jpg,kingsnake
kingsnake/00000033.jpg,kingsnake
kingsnake/00000127.jpg,kingsnake
kingsnake/00000014.jpg,kingsnake
kingsnake/00000029.jpg,kingsnake
kingsnake/00000038.jpg,kingsnake
kingsnake/00000058.jpg,kingsnake
kingsnake/00000054.jpg,kingsnake
kingsnake/00000049.jpg,kingsnake
kingsnake/00000122.jpg,kingsnake
kingsnake/00000097.jpg,kingsnake
kingsnake/00000167.jpg,kingsnake
kingsnake/00000132.jpg,kingsnake
kingsnake/00000002.jpg,kingsnake
kingsnake/00000177.jpg,kingsnake
kingsnake/00000075.jpg,kingsnake
kingsnake/00000034.jpg,kingsnake
kingsnake/00000146.jpg,kingsnake
kingsnake/00000154.jpg,kingsnake
kingsnake/00000059.jpg,kingsnake
kingsnake/00000131.jpg,kingsnake
kingsnake/00000093.jpg,kingsnake
kingsnake/00000102.png,kingsnake
kingsnake/00000021.jpg,kingsnake
kingsnake/00000004.jpg,kingsnake
kingsnake/00000073.jpg,kingsnake
kingsnake/00000182.jpg,kingsnake
kingsnake/00000135.jpg,kingsnake
kingsnake/00000193.jpg,kingsnake
kingsnake/00000140.jpg,kingsnake
kingsnake/00000041.jpg,kingsnake
kingsnake/00000181.jpg,kingsnake
kingsnake/00000057.jpg,kingsnake
kingsnake/00000100.jpg,kingsnake
kingsnake/00000090.JPG,kingsnake
kingsnake/00000171.jpg,kingsnake
kingsnake/00000025.jpg,kingsnake
kingsnake/00000123.jpg,kingsnake
kingsnake/00000101.jpg,kingsnake
kingsnake/00000099.jpg,kingsnake
kingsnake/00000133.jpg,kingsnake
kingsnake/00000077.jpg,kingsnake
kingsnake/00000145.jpg,kingsnake
kingsnake/00000136.jpg,kingsnake
kingsnake/00000144.jpg,kingsnake
kingsnake/00000015.jpg,kingsnake
kingsnake/00000161.jpg,kingsnake
kingsnake/00000148.jpg,kingsnake
kingsnake/00000124.jpg,kingsnake
kingsnake/00000022.jpg,kingsnake
kingsnake/00000111.jpg,kingsnake
kingsnake/00000094.jpg,kingsnake
kingsnake/00000024.jpg,kingsnake
kingsnake/00000159.jpg,kingsnake
kingsnake/00000040.jpg,kingsnake
kingsnake/00000191.jpeg,kingsnake
kingsnake/00000092.jpg,kingsnake
kingsnake/00000116.jpg,kingsnake
kingsnake/00000080.jpg,kingsnake
kingsnake/00000147.jpg,kingsnake
kingsnake/00000085.jpg,kingsnake
kingsnake/00000176.jpg,kingsnake
kingsnake/00000079.jpg,kingsnake
kingsnake/00000130.jpg,kingsnake
kingsnake/00000062.jpg,kingsnake
kingsnake/00000018.jpg,kingsnake
kingsnake/00000120.jpg,kingsnake
kingsnake/00000012.jpg,kingsnake
kingsnake/00000055.jpg,kingsnake
kingsnake/00000081.jpg,kingsnake
kingsnake/00000138.jpg,kingsnake
kingsnake/00000104.jpg,kingsnake
kingsnake/00000139.jpg,kingsnake
kingsnake/00000162.jpg,kingsnake
kingsnake/00000115.jpg,kingsnake
kingsnake/00000098.jpg,kingsnake
kingsnake/00000151.JPG,kingsnake
kingsnake/00000056.jpg,kingsnake
kingsnake/00000114.jpg,kingsnake
kingsnake/00000037.jpg,kingsnake
kingsnake/00000109.jpg,kingsnake
kingsnake/00000083.jpg,kingsnake
kingsnake/00000096.jpg,kingsnake
kingsnake/00000194.jpg,kingsnake
kingsnake/00000066.jpg,kingsnake
kingsnake/00000197.jpg,kingsnake
kingsnake/00000196.jpg,kingsnake
kingsnake/00000190.jpg,kingsnake
